{
  "train_loss": [
    0.5245992926259836,
    0.407191116673251,
    0.36160238025089103,
    0.3331534443423152,
    0.3212645557941869,
    0.3100501683851083,
    0.3208677461370826,
    0.31563188415020704,
    0.2963562859222293,
    0.295594389239947,
    0.3116218348344167,
    0.28811621107161045,
    0.27871799919133383,
    0.28358821881314117,
    0.27243255109836656,
    0.2608050300429265,
    0.2709110990787546,
    0.2496134943018357,
    0.26109378117447096,
    0.2534379282345374,
    0.24220000797261795,
    0.23986258109410605,
    0.23922267012918988,
    0.23653651680797338,
    0.2488908963277936,
    0.27467080981781083,
    0.25239373184740543,
    0.2577980246084432,
    0.25395618968953687,
    0.24785340453187624
  ],
  "val_loss": [
    0.6718725074421276,
    0.3495533087036826,
    0.3222305964339863,
    0.3453607112169266,
    0.3204835463653911,
    0.31507310406728223,
    0.32074378430843353,
    0.33957894010977313,
    0.3163404112512415,
    0.27761094949462195,
    0.286623553796248,
    0.2943876087665558,
    0.3016213910146193,
    0.28615945171226154,
    0.2732408121228218,
    0.28072206676006317,
    0.28150231865319336,
    0.3367289670489051,
    0.3213008804754777,
    0.2832746478644284,
    0.284108581868085,
    0.29446200078183954,
    0.3104427998716181,
    0.28953487087379803,
    0.3305792822079225,
    0.2951356931166215,
    0.29989672655409033,
    0.3289366445758126,
    0.29965581135316327,
    0.28402547944675793
  ],
  "val_mae": [
    1.0377918481826782,
    0.7111750841140747,
    0.6713237166404724,
    0.6915439963340759,
    0.6552004814147949,
    0.6577655673027039,
    0.6613104939460754,
    0.6785663366317749,
    0.6620315909385681,
    0.6284502744674683,
    0.6248634457588196,
    0.646544337272644,
    0.6661877632141113,
    0.6266791224479675,
    0.6221610307693481,
    0.6275604367256165,
    0.6418812870979309,
    0.6446824669837952,
    0.6712358593940735,
    0.6418482661247253,
    0.6282016038894653,
    0.6468327641487122,
    0.6637548804283142,
    0.6399478912353516,
    0.6870361566543579,
    0.6548994183540344,
    0.656004786491394,
    0.6882447600364685,
    0.6472744345664978,
    0.6322988271713257
  ],
  "val_r2": [
    -0.9237641096115112,
    0.015800893306732178,
    -0.03188645839691162,
    0.047330498695373535,
    0.05149298906326294,
    0.05562072992324829,
    -0.0904242992401123,
    0.06253737211227417,
    -0.006483197212219238,
    0.12086516618728638,
    0.11876732110977173,
    0.1440332531929016,
    0.08236008882522583,
    0.1474652886390686,
    0.1120031476020813,
    0.11637967824935913,
    0.13826054334640503,
    0.09425252676010132,
    0.008130013942718506,
    0.09676128625869751,
    0.12998008728027344,
    0.0378953218460083,
    0.07895100116729736,
    0.0486832857131958,
    -0.08936166763305664,
    0.09612858295440674,
    0.06452363729476929,
    -0.012259840965270996,
    0.04333466291427612,
    0.08975821733474731
  ],
  "val_pearson": [
    0.09659278779359048,
    0.24765625401042593,
    0.23449416410493526,
    0.23225105175263006,
    0.26116431258983325,
    0.34549630697557665,
    0.3806056085271764,
    0.2834394749267906,
    0.352306816310007,
    0.3761283581313192,
    0.40682183920299114,
    0.3796433155277589,
    0.37025321635729397,
    0.4255986107661976,
    0.4083279470449151,
    0.3750503146933742,
    0.38829117450987277,
    0.3387118426160442,
    0.2376763192916623,
    0.36243468046376054,
    0.376074772398902,
    0.3468294069974315,
    0.3247179288740816,
    0.35640200880115985,
    0.115145528829586,
    0.3265413606537333,
    0.31869914630046553,
    0.35487090527974696,
    0.3093596251079981,
    0.37981676253585334
  ],
  "learning_rate": [
    0.0002,
    0.0003,
    0.0004,
    0.0005,
    0.0006,
    0.0007,
    0.0008,
    0.0009000000000000001,
    0.001,
    0.0008830224978737533,
    0.0008830224978737533,
    0.0008830224978737533,
    0.0008830224978737533,
    0.0008830224978737533,
    0.0008830224978737533,
    0.0008830224978737533,
    0.0008830224978737533,
    0.0008830224978737533,
    0.0008830224978737533,
    0.0008830224978737533,
    0.0008830224978737533,
    0.0008830224978737533,
    0.0008830224978737533,
    0.0008830224978737533,
    0.0008830224978737533,
    0.0008830224978737533,
    0.0008830224978737533,
    0.0008830224978737533,
    0.0008830224978737533,
    0.0008830224978737533
  ]
}