{
  "f173": 8.693198204040527,
  "f10": 8.535510063171387,
  "f163": 7.726756572723389,
  "f131": 7.685938358306885,
  "f4": 7.666948318481445,
  "f166": 7.241325378417969,
  "f176": 6.391727447509766,
  "f160": 5.376440048217773,
  "f55": 5.274195671081543,
  "f142": 5.269177436828613,
  "f171": 5.119233131408691,
  "f174": 4.998777389526367,
  "f162": 4.928845405578613,
  "f25": 4.9237213134765625,
  "f51": 4.622819900512695,
  "f178": 4.428609371185303,
  "f129": 4.416712284088135,
  "f135": 4.304945468902588,
  "f106": 4.251715660095215,
  "f146": 4.242876052856445,
  "f122": 4.148038864135742,
  "f143": 4.129660129547119,
  "f104": 4.129575252532959,
  "f148": 4.087127685546875,
  "f59": 4.065396308898926,
  "f134": 4.064000129699707,
  "f151": 3.954132318496704,
  "f190": 3.931929111480713,
  "f175": 3.864492654800415,
  "f138": 3.8506736755371094,
  "f103": 3.845391273498535,
  "f18": 3.842074155807495,
  "f182": 3.8046441078186035,
  "f5": 3.774228572845459,
  "f7": 3.7183473110198975,
  "f177": 3.71191668510437,
  "f67": 3.668473243713379,
  "f194": 3.6548352241516113,
  "f133": 3.6161201000213623,
  "f179": 3.508733034133911,
  "f73": 3.4995837211608887,
  "f8": 3.472452402114868,
  "f97": 3.4168615341186523,
  "f192": 3.412065029144287,
  "f69": 3.4047648906707764,
  "f124": 3.3901710510253906,
  "f6": 3.3369383811950684,
  "f29": 3.212409019470215,
  "f30": 3.187169075012207,
  "f52": 3.171680450439453,
  "f170": 3.0660953521728516,
  "f2": 3.0636844635009766,
  "f82": 3.0279717445373535,
  "f136": 3.023162603378296,
  "f64": 3.017332077026367,
  "f149": 2.9885199069976807,
  "f22": 2.9733805656433105,
  "f68": 2.9182000160217285,
  "f152": 2.896512031555176,
  "f71": 2.8846781253814697,
  "f63": 2.877234697341919,
  "f0": 2.849184274673462,
  "f58": 2.799422025680542,
  "f154": 2.796205997467041,
  "f121": 2.76446270942688,
  "f62": 2.7505855560302734,
  "f132": 2.7402875423431396,
  "f81": 2.737733840942383,
  "f128": 2.5384128093719482,
  "f80": 2.5356369018554688,
  "f27": 2.530689239501953,
  "f118": 2.5105483531951904,
  "f123": 2.3896560668945312,
  "f94": 2.368621587753296,
  "f126": 2.3575191497802734,
  "f130": 2.2952775955200195,
  "f72": 2.2923290729522705,
  "f46": 2.252526044845581,
  "f89": 2.2058916091918945,
  "f120": 2.1507081985473633,
  "f155": 2.1330299377441406,
  "f153": 2.0787136554718018,
  "f98": 2.01809024810791,
  "f119": 1.9634339809417725,
  "f9": 1.937072992324829,
  "f145": 1.7867238521575928,
  "f61": 1.6947498321533203,
  "f95": 1.6016154289245605,
  "f23": 1.555800437927246,
  "f3": 1.5230565071105957,
  "f87": 1.3230137825012207,
  "f159": 0.9776067733764648,
  "f83": 0.966242790222168,
  "f156": 0.6927778124809265,
  "f28": 0.6215248107910156
}