{
  "train": {
    "rmse": 0.6989269393563786,
    "r2": 0.3976297974586487
  },
  "val": {
    "rmse": 0.8465195166630062,
    "r2": 0.00303572416305542
  },
  "test": {
    "rmse": 0.7898789893193114,
    "r2": 0.20565521717071533
  }
}